{
    "plutonium_01": {
        "Pu_20pct240": 5.939005613327026
    },
    "plutonium_carbon_01": {
        "Pu_20pct240C": 25.211910605430603
    },
    "plutonium_mix_01": {
        "Pu_20pct240": 10,
        "Pu_20pct240C": 5
    },
    "uranium_01": {
        "HDPE": 45,
        "U235": 35,
        "U238": 20
    },
    "uranium_02": {
        "U_000pct235": 5,
        "U_025pct235": 5,
        "SS440": 10
    },
    "plutonium_mix_02": {
        "Pu_240": 3.5,
        "Pu_239": 1.5,
        "Pu_20pct240C_mat": 5        
    }
}